target,locus,edit,fwd.primer,rev.primer
PDCD1,chr2:241858809,on,GACCTGCCAGGGACTGAGGGTGG,GCACCCTCCCTTCAACCTGACCTGG
TRAC,chr14:22547664,on,AGCTGAGAGACTCTAAATCCAGTGACAAG,AAAGCTGCCCTTACCTGGGCTGG
TRBC,chr7:142792020;chr7:142801367,on,CCCTCAATGACTCCAGATACTGCCTG,TCTTTCCATTTTCCCTGGTAGCTGGTCTC
ZNF609,chr15:64562146,off,ACCTGACATCATAATGTACTGCCTGACATCC,CCAAAATAAATGATAACTATTCTTACTAATTACAGTGAATTTAAGTG
LINC00377,chr13:81026395,off,CCCATGAAATTGTACACTTTATTATCATCACCAGAG,AGATCGAGACCATCCTGGATAACAGGTTG
ZDHHC3,chr3:44955174,off,TCAGAGTGGGCAAGGAGAAGGCG,GAGCTTGAAAAGAAAAGGGAAGTGGGAAATG
HIPK2,chr7:139675733,off,GAGAAAAGAAAAAATAATCTGAAAACAGTTACAAAGTTGATG,GAAAGAGCATCATTTTGAGTCTTATCTAAGCG
TET2,chr4:105272459,null,TCAGAGAAAGGGTGGGTGGGCAATGTC,TGTCTTCTCTAGTGAGAGTGCATACCTGG
LIG1,chr19:48153013,null,GCATTTCCCACAAGTAATTATGGTTATTTAAGAACAAAATAC,TGCAGTCTCCACCTCCCAGGCTC
LARGE1,chr22:33443200,null,CCACTGCACCCAGCCATTGATTGC,CCCTTGGGGAGAGAAATGCTTTGCAG
FAM35DP,chr10:47698023,null,TAACAAAGGGTTAAGATACAGAATGCCATGGTTC,CTCTCAGTCTTTCACAATAAAGGCTACCTAG
